model,accuracy,precision,recall,f1,roc_auc,tn,fp,fn,tp,n_train,n_test,n_real_blocks,n_mock_blocks_balanced,feature_count
LogisticRegression,0.8366666666666667,0.8344370860927153,0.84,0.8372093023255814,0.9306111111111111,250,50,48,252,600,600,600,600,22
RandomForest,0.965,0.9485530546623794,0.9833333333333333,0.9656301145662848,0.9926166666666667,284,16,5,295,600,600,600,600,22
